Date,Content
2023-09-29,https://boxd.it/2Rszi9
2023-10-23,https://boxd.it/4WZV9F
2023-10-23,https://boxd.it/4QJl7H
2023-10-24,https://boxd.it/2AiUDJ
2023-10-24,https://boxd.it/t9WJH
2023-10-24,https://boxd.it/4JE4Sj
2023-10-24,https://boxd.it/22bkLd
2023-10-28,https://boxd.it/53hA61
2023-10-28,https://boxd.it/53p4hd
2023-10-28,https://boxd.it/53jddn
2023-10-28,https://boxd.it/sgYdt
2023-10-28,https://boxd.it/1bY3tH
2023-10-28,https://boxd.it/b4kVX
2023-11-17,https://boxd.it/tEfIt
2023-11-17,https://boxd.it/hKXC9
2023-11-17,https://boxd.it/13uUA5
2023-11-17,https://boxd.it/fcLz7
2023-11-17,https://boxd.it/1lCl5T
2023-11-17,https://boxd.it/aBfpf
2023-11-19,https://boxd.it/5aeEbr
2023-11-19,https://boxd.it/5ag8vD
2023-11-19,https://boxd.it/5aeFf5
2023-11-19,https://boxd.it/5aeJwJ
2023-11-19,https://boxd.it/5a0fFj
2023-11-27,https://boxd.it/1bB36d
2023-11-27,https://boxd.it/MY3Cp
2023-11-27,https://boxd.it/1anOm1
2023-11-27,https://boxd.it/OA4xP
2023-11-27,https://boxd.it/w7Hq9
2023-11-27,https://boxd.it/dPW9f
2023-11-27,https://boxd.it/1hq1w1
2023-11-27,https://boxd.it/25m6Yr
2023-11-27,https://boxd.it/2XiKF3
2023-11-27,https://boxd.it/BOQZt
2023-12-17,https://boxd.it/1PiXAb
2023-12-24,https://boxd.it/3frfAh
2024-01-01,https://boxd.it/3vENoT
2024-01-14,https://boxd.it/yiiWJ
2024-01-14,https://boxd.it/2xl4eB
2024-01-15,https://boxd.it/3u2D5R
2024-01-17,https://boxd.it/4MEscj
2024-01-20,https://boxd.it/5jnY7X
2024-01-20,https://boxd.it/5yl9a3
2024-02-10,https://boxd.it/25bKlx
2024-02-10,https://boxd.it/fSCtN
2024-02-10,https://boxd.it/12zROz
2024-02-10,https://boxd.it/4Te6WZ
2024-02-10,https://boxd.it/4hUotN
2024-02-10,https://boxd.it/5MD3ft
2024-02-10,https://boxd.it/5Na0eX
2024-02-10,https://boxd.it/5Nd4ND
2024-02-10,https://boxd.it/5NbCMF
2024-02-13,https://boxd.it/tjvCT
2024-02-13,https://boxd.it/3HUGVh
2024-02-13,https://boxd.it/1v1KS3
2024-02-13,https://boxd.it/1nsRfJ
2024-02-13,https://boxd.it/4HTluv
2024-02-23,https://boxd.it/12Q4tL
2024-03-01,https://boxd.it/3cn0Q5
2024-03-01,https://boxd.it/3fKl37
2024-03-01,https://boxd.it/3crG7J
2024-03-12,https://boxd.it/2ENzTz
2024-03-16,https://boxd.it/3RBxT9
2024-03-16,https://boxd.it/gPBdn
2024-03-16,https://boxd.it/vmwIn
2024-03-16,https://boxd.it/16O1kt
2024-03-16,https://boxd.it/1l6fTT
2024-03-16,https://boxd.it/29unnT
2024-03-16,https://boxd.it/1se50t
2024-03-16,https://boxd.it/15weIX
2024-03-30,https://boxd.it/fBRyz
2024-03-30,https://boxd.it/f6QeB
2024-03-31,https://boxd.it/63aNDh
2024-03-31,https://boxd.it/5YQSAh
2024-04-06,https://boxd.it/6dezbV
2024-04-06,https://boxd.it/6dgEgb
2024-07-16,https://boxd.it/6RhnGN
2024-07-31,https://boxd.it/20algZ
2024-08-02,https://boxd.it/6Xy9cd
2024-08-04,https://boxd.it/1lVqK1
2024-09-12,https://boxd.it/27TzvH
2024-09-14,https://boxd.it/7jNR3x
2024-09-14,https://boxd.it/7jNm0n
2024-09-14,https://boxd.it/7jMPAd
2024-09-14,https://boxd.it/7jIgPp
2024-09-14,https://boxd.it/7jNQ7N
2024-09-16,https://boxd.it/7gnRlR
2024-09-16,https://boxd.it/7gGSGp
2024-09-16,https://boxd.it/7hdJa1
2024-09-16,https://boxd.it/7gAUFB
2024-09-16,https://boxd.it/7gIuMH
2024-10-02,https://boxd.it/nmELx
2024-10-02,https://boxd.it/1A73WD
2024-10-02,https://boxd.it/pBZiz
2024-10-02,https://boxd.it/2YkFxL
2024-10-22,https://boxd.it/1nj41F
2024-11-03,https://boxd.it/7GWNYz
2024-11-05,https://boxd.it/7FFUUB
2024-11-05,https://boxd.it/7GnfCT
2024-11-25,https://boxd.it/7RpCLx
2024-12-16,https://boxd.it/1jlEaV
2024-12-16,https://boxd.it/Uvbfx
2025-01-01,https://boxd.it/86EpLp
2025-01-01,https://boxd.it/81p2ex
2025-01-01,https://boxd.it/88pYsl
2025-01-02,https://boxd.it/6s9ael
2025-01-02,https://boxd.it/aa7Lt
2025-01-02,https://boxd.it/Xqb3
2025-01-23,https://boxd.it/1RRsHt
2025-04-01,https://boxd.it/9b4lBL
2025-04-02,https://boxd.it/9fE7Un
2025-04-02,https://boxd.it/9fE4SX
2025-04-06,https://boxd.it/9jA8J9
2025-04-06,https://boxd.it/9j6MlL
2025-05-01,https://boxd.it/9iFvmX
2025-05-02,https://boxd.it/1jZNip
2025-05-05,https://boxd.it/9yT3FT
2025-05-05,https://boxd.it/9zm9wr
2025-05-05,https://boxd.it/9zR35B
2025-05-05,https://boxd.it/9y2qTD
2025-05-05,https://boxd.it/9z4l1f
2025-05-05,https://boxd.it/9z279v
2025-05-15,https://boxd.it/njCEN
2025-05-15,https://boxd.it/1uOCGR
2025-06-26,https://boxd.it/a3O8Zj
2025-07-16,https://boxd.it/agzngl
2025-07-16,https://boxd.it/agzhBR
2025-07-17,https://boxd.it/ag8E1j
2025-07-30,https://boxd.it/6TatJ3
2025-07-30,https://boxd.it/6U0tqp
2025-07-30,https://boxd.it/9erwEz
2025-07-30,https://boxd.it/95ucvR
2025-08-08,https://boxd.it/9Pqx2R
2025-08-08,https://boxd.it/9PoejP
2025-08-08,https://boxd.it/9PTFF1
2025-08-23,https://boxd.it/a1T10P
2025-08-23,https://boxd.it/aJ6LtV
2025-08-23,https://boxd.it/abmBU9
2025-09-05,https://boxd.it/aXZssP
2025-09-15,https://boxd.it/4Kvqj7
2025-09-20,https://boxd.it/b3nbCL
2025-10-07,https://boxd.it/b83H3
2025-11-18,https://boxd.it/bHXowN
2025-11-18,https://boxd.it/bHMmu9
2025-11-18,https://boxd.it/bHYICX
2025-11-18,https://boxd.it/bHYf01
2025-11-23,https://boxd.it/bDlKW7
2025-11-23,https://boxd.it/bKQiyL
2025-11-23,https://boxd.it/bKruZf
2025-11-23,https://boxd.it/bMB2u7
2025-11-30,https://boxd.it/bJ4tEl
2025-11-30,https://boxd.it/bHwUmL
2025-11-30,https://boxd.it/bEKm3h
2025-12-04,https://boxd.it/bTvySB
2025-12-04,https://boxd.it/b0BzjT
2025-12-04,https://boxd.it/bEyx6d
2025-12-04,https://boxd.it/bSG1CX
2025-12-04,https://boxd.it/bvzph9
2025-12-06,https://boxd.it/bQi7RD
2025-12-06,https://boxd.it/bITAkP
2025-12-06,https://boxd.it/bNbakB
