Date,Name,Year,Letterboxd URI
2023-02-07,Spider-Man: Into the Spider-Verse,2018,https://boxd.it/azpY
2023-02-07,La La Land,2016,https://boxd.it/a5fa
2023-02-07,Puss in Boots: The Last Wish,2022,https://boxd.it/aaie
2023-02-07,The Menu,2022,https://boxd.it/lScm
2023-02-07,Triangle of Sadness,2022,https://boxd.it/hXlq
2023-02-07,Avatar: The Way of Water,2022,https://boxd.it/2E2E
2023-02-07,How to Lose a Guy in 10 Days,2003,https://boxd.it/1XwG
2023-02-07,Mike and Dave Need Wedding Dates,2016,https://boxd.it/aciK
2023-02-07,Me Before You,2016,https://boxd.it/9n98
2023-02-07,27 Dresses,2008,https://boxd.it/21x4
2023-02-07,Call Me by Your Name,2017,https://boxd.it/dYmm
2023-02-07,Titanic,1997,https://boxd.it/2a2k
2023-02-07,10 Things I Hate About You,1999,https://boxd.it/23AO
2023-02-07,Clueless,1995,https://boxd.it/1Ygk
2023-02-07,Pride & Prejudice,2005,https://boxd.it/24u8
2023-02-07,Palm Springs,2020,https://boxd.it/lCXQ
2023-02-07,Mamma Mia!,2008,https://boxd.it/1Tnq
2023-02-07,Crazy Rich Asians,2018,https://boxd.it/gfnK
2023-02-07,"Crazy, Stupid, Love.",2011,https://boxd.it/D9A
2023-02-07,Legally Blonde,2001,https://boxd.it/1ZNa
2023-02-07,Pitch Perfect,2012,https://boxd.it/3OsE
2023-02-07,Atonement,2007,https://boxd.it/24ui
2023-02-07,The Social Network,2010,https://boxd.it/17ue
2023-02-14,Another Cinderella Story,2008,https://boxd.it/1MHS
2023-02-14,Tangled,2010,https://boxd.it/15gO
2023-02-15,Hotel Transylvania,2012,https://boxd.it/2DF6
2023-02-15,Wizards of Waverly Place: The Movie,2009,https://boxd.it/1thQ
2023-02-15,Wizards on Deck with Hannah Montana,2009,https://boxd.it/2HCU
2023-02-15,WandaVision,2021,https://boxd.it/sbGW
2023-02-15,Black Swan,2010,https://boxd.it/Sw0
2023-02-15,Twilight,2008,https://boxd.it/1Zui
2023-02-15,Coraline,2009,https://boxd.it/1NhQ
2023-02-15,Blended,2014,https://boxd.it/6QQY
2023-02-15,We're the Millers,2013,https://boxd.it/4srQ
2023-02-17,Just Married,2003,https://boxd.it/1Szg
2023-02-17,Just Go with It,2011,https://boxd.it/Doq
2023-02-17,Uptown Girls,2003,https://boxd.it/1N64
2023-02-22,Spirited Away,2001,https://boxd.it/2b4m
2023-03-15,Interstellar,2014,https://boxd.it/4VZ8
2023-03-15,The Hunger Games,2012,https://boxd.it/2uds
2023-03-15,The Hunger Games: Catching Fire,2013,https://boxd.it/3sAw
2023-03-19,Gone Girl,2014,https://boxd.it/6hQu
2023-03-20,Scream,1996,https://boxd.it/24EC
2023-03-27,Daisy Jones & the Six,2023,https://boxd.it/FmyA
2023-04-04,Ready or Not,2019,https://boxd.it/kOf0
2023-04-05,Catch Me If You Can,2002,https://boxd.it/29VS
2023-04-09,The Super Mario Bros. Movie,2023,https://boxd.it/i8C8
2023-04-24,The House Bunny,2008,https://boxd.it/1RyG
2023-05-01,How to Train Your Dragon,2010,https://boxd.it/1WRy
2023-05-03,Star Wars: Episode II – Attack of the Clones,2002,https://boxd.it/27V2
2023-05-06,Guardians of the Galaxy Vol. 3,2023,https://boxd.it/fVNI
2023-05-06,The Conjuring,2013,https://boxd.it/4sr2
2023-05-06,Queen Charlotte: A Bridgerton Story,2023,https://boxd.it/GovU
2023-05-07,"Lyle, Lyle, Crocodile",2022,https://boxd.it/vkfm
2023-05-25,The Little Mermaid,2023,https://boxd.it/fVum
2023-06-02,Spider-Man: Across the Spider-Verse,2023,https://boxd.it/kSz4
2023-08-06,Dead Poets Society,1989,https://boxd.it/2aSg
2023-08-11,Smurfs: The Lost Village,2017,https://boxd.it/4pCG
2023-08-12,Chip 'n Dale: Rescue Rangers,2022,https://boxd.it/eSk2
2023-09-03,Mr. & Mrs. Smith,2005,https://boxd.it/29CG
2023-09-06,Before Sunrise,1995,https://boxd.it/2bcU
2023-09-11,The Truman Show,1998,https://boxd.it/18U8
2023-09-26,Stand by Me,1986,https://boxd.it/2aOe
2023-09-29,Jurassic Park,1993,https://boxd.it/2aA2
2023-09-30,Romeo + Juliet,1996,https://boxd.it/2ama
2023-10-14,The Wonderful Story of Henry Sugar,2023,https://boxd.it/yNyo
2023-10-22,Bridget Jones's Diary,2001,https://boxd.it/29WQ
2023-10-28,Five Nights at Freddy's,2023,https://boxd.it/ikHu
2023-10-29,The Nightmare Before Christmas,1993,https://boxd.it/1YzQ
2023-11-04,All the Light We Cannot See,2023,https://boxd.it/Jism
2023-11-15,Four Christmases,2008,https://boxd.it/1SjM
2023-11-19,The Hunger Games: The Ballad of Songbirds & Snakes,2023,https://boxd.it/pZCY
2023-11-20,The Break-Up,2006,https://boxd.it/1XRk
2023-12-05,Pretty Woman,1990,https://boxd.it/2b6M
2023-12-08,Home Alone,1990,https://boxd.it/29Fg
2023-12-08,The Holiday,2006,https://boxd.it/28ye
2023-12-08,How the Grinch Stole Christmas,2000,https://boxd.it/1ZHQ
2023-12-08,Elf,2003,https://boxd.it/1VyK
2023-12-14,Holidate,2020,https://boxd.it/mLcc
2024-01-06,13 Going on 30,2004,https://boxd.it/1X6e
2024-01-06,Sleeping with Other People,2015,https://boxd.it/8WPm
2024-01-07,50 First Dates,2004,https://boxd.it/285c
2024-01-12,Mona Lisa Smile,2003,https://boxd.it/1T0Q
2024-02-10,The Hangover,2009,https://boxd.it/1GjK
2024-02-10,Bratz,2007,https://boxd.it/1OIS
2024-02-10,Cinderella,2015,https://boxd.it/4KX6
2024-02-10,He's Just Not That Into You,2009,https://boxd.it/1WSG
2024-02-10,She's the Man,2006,https://boxd.it/1Y7W
2024-02-11,Notting Hill,1999,https://boxd.it/2aeK
2024-02-11,Letters to Juliet,2010,https://boxd.it/19aK
2024-02-14,Argylle,2024,https://boxd.it/w1kk
2024-02-20,The Hangover Part II,2011,https://boxd.it/PZI
2024-02-23,Anastasia,1997,https://boxd.it/1YFk
2024-02-25,Bad Teacher,2011,https://boxd.it/yXA
2024-03-04,The Devil Wears Prada,2006,https://boxd.it/2awE
2024-03-05,What's Your Number?,2011,https://boxd.it/6P4
2024-03-06,Julie & Julia,2009,https://boxd.it/1wXg
2024-03-10,The Intern,2015,https://boxd.it/7AOE
2024-03-11,Baby Driver,2017,https://boxd.it/bhF2
2024-03-11,Barbie in the 12 Dancing Princesses,2006,https://boxd.it/1R34
2024-03-11,Barbie in the Nutcracker,2001,https://boxd.it/1MGA
2024-03-11,Barbie as Rapunzel,2002,https://boxd.it/1MZW
2024-03-11,Barbie of Swan Lake,2003,https://boxd.it/1MZM
2024-03-11,Barbie as The Princess & the Pauper,2004,https://boxd.it/1MGU
2024-03-11,Barbie and the Magic of Pegasus,2005,https://boxd.it/1Lgc
2024-03-11,Barbie and the Diamond Castle,2008,https://boxd.it/1R2K
2024-03-11,Barbie in 'A Christmas Carol',2008,https://boxd.it/1Q8C
2024-03-11,Enchanted,2007,https://boxd.it/24co
2024-03-17,The Lord of the Rings: The Fellowship of the Ring,2001,https://boxd.it/2b5O
2024-03-17,Eternal Sunshine of the Spotless Mind,2004,https://boxd.it/6YK
2024-03-17,When Harry Met Sally...,1989,https://boxd.it/29W2
2024-03-17,The Secret World of Arrietty,2010,https://boxd.it/AF4
2024-04-06,Flipped,2010,https://boxd.it/Tb8
2024-05-07,Wreck-It Ralph,2012,https://boxd.it/2TTS
2024-05-12,The Help,2011,https://boxd.it/EDm
2024-06-05,Rise of the Planet of the Apes,2011,https://boxd.it/cS4
2024-06-05,Star Wars: Episode III – Revenge of the Sith,2005,https://boxd.it/27US
2024-06-05,Star Wars,1977,https://boxd.it/72s
2024-06-07,The Empire Strikes Back,1980,https://boxd.it/27Vw
2024-06-07,Return of the Jedi,1983,https://boxd.it/27Vm
2024-10-11,Good Will Hunting,1997,https://boxd.it/2ahY
2024-10-13,Brokeback Mountain,2005,https://boxd.it/2b2q
2024-10-13,Rio,2011,https://boxd.it/NKc
2024-10-18,Garden State,2004,https://boxd.it/2asW
2024-10-18,Woman of the Hour,2023,https://boxd.it/vuz2
2024-10-27,Kingsman: The Secret Service,2014,https://boxd.it/6dxe
2024-10-27,The Virgin Suicides,1999,https://boxd.it/28JG
2024-11-01,Frozen,2013,https://boxd.it/3GNa
2024-11-03,Agatha All Along,2024,https://boxd.it/Q5dC
2024-11-04,The Substance,2024,https://boxd.it/zanS
2024-11-04,Avengers: Endgame,2019,https://boxd.it/9vE4
2024-11-04,Avengers: Infinity War,2018,https://boxd.it/9vEe
2024-11-05,Fly Me to the Moon,2024,https://boxd.it/A7Xg
2024-11-08,Bullet Train,2022,https://boxd.it/qW26
2024-11-25,Gladiator,2000,https://boxd.it/2b9m
2024-11-25,Roman Holiday,1953,https://boxd.it/29zW
2024-12-05,Phineas and Ferb The Movie: Across the 2nd Dimension,2011,https://boxd.it/2ql8
2024-12-05,Gladiator II,2024,https://boxd.it/kqQQ
2024-12-05,Anora,2024,https://boxd.it/Egcw
2024-12-16,Moana 2,2024,https://boxd.it/LcjW
2024-12-19,Moana,2016,https://boxd.it/8tfY
2024-12-20,My Old Ass,2024,https://boxd.it/zLP0
2025-01-04,American Beauty,1999,https://boxd.it/71Y
2025-01-13,High School Musical,2006,https://boxd.it/1V0y
2025-04-02,The Other Boleyn Girl,2008,https://boxd.it/1Sl4
2025-04-26,Back to the Future,1985,https://boxd.it/2b8e
2025-04-27,Back to the Future Part II,1989,https://boxd.it/2aYI
2025-04-28,Back to the Future Part III,1990,https://boxd.it/2aTS
2025-04-28,Pixels,2015,https://boxd.it/7BaA
2025-05-01,Ophelia,2018,https://boxd.it/fc6E
2025-07-07,Before Sunset,2004,https://boxd.it/2bcg
2025-07-08,Chungking Express,1994,https://boxd.it/1UDa
2025-07-10,Cinema Paradiso,1988,https://boxd.it/1UlA
2025-07-13,Bringing Up Baby,1938,https://boxd.it/29ks
2025-07-14,Fallen Angels,1995,https://boxd.it/1UkW
2025-07-16,Superman,2025,https://boxd.it/E9IU
2025-07-17,In the Mood for Love,2000,https://boxd.it/29tE
2025-07-26,F1,2025,https://boxd.it/yjVM
2025-08-07,How to Train Your Dragon,2025,https://boxd.it/F7Je
2025-08-26,Punch-Drunk Love,2002,https://boxd.it/20E4
2025-08-26,(500) Days of Summer,2009,https://boxd.it/1EmM
2025-09-14,Hairspray,2007,https://boxd.it/261M
2025-09-14,Cars,2006,https://boxd.it/29ho
2025-09-21,The Prestige,2006,https://boxd.it/293w
2025-09-23,The Conjuring: Last Rites,2025,https://boxd.it/Dh8e
